FIPS-CODE,4/8/2020 0:00
01001,2
01003,2
01005,2
01007,2
01009,2
01011,2
01013,2
01015,2
01017,2
01019,2
01021,2
01023,2
01025,2
01027,2
01029,2
01031,2
01033,2
01035,2
01037,2
01039,2
01041,2
01043,2
01045,2
01047,2
01049,2
01051,2
01053,2
01055,2
01057,2
01059,2
01061,1
01063,2
01065,2
01067,2
01069,2
01071,2
01073,2
01075,2
01077,2
01079,2
01081,2
01083,2
01085,2
01087,2
01089,2
01091,2
01093,2
01095,2
01097,2
01099,2
01101,2
01103,2
01105,1
01107,2
01109,2
01111,2
01113,2
01117,2
01115,2
01119,2
01121,2
01123,2
01125,2
01127,2
01129,2
01131,2
01133,2
02013,0
02016,0
02020,2
02050,2
02060,0
02068,1
02070,1
02090,2
02100,1
02110,2
02122,2
02130,2
02150,1
02158,1
02164,1
02170,2
02180,1
02185,1
02188,1
02195,2
02198,1
02220,1
02240,2
02261,1
02275,1
02290,2
04001,2
04003,2
04005,2
04007,2
04009,1
04011,2
04012,2
04013,2
04015,2
04017,2
04019,2
04021,2
04023,2
04025,2
04027,2
05001,2
05003,2
05005,2
05007,2
05009,2
05011,2
05013,1
05015,2
05017,2
05019,2
05021,2
05023,2
05025,2
05027,2
05029,2
05031,2
05033,2
05035,2
05037,2
05039,2
05041,2
05043,2
05045,2
05047,2
05049,1
05051,2
05053,2
05055,2
05057,2
05059,2
05061,2
05063,2
05065,2
05067,1
05069,2
05071,2
05073,2
05075,2
05077,2
05079,2
05081,1
05083,2
05085,2
05087,2
05089,1
05091,2
05093,2
05095,2
05097,1
05099,2
05101,2
05103,2
05105,2
05107,2
05109,1
05111,2
05113,2
05115,2
05117,2
05119,2
05121,2
05125,2
05127,2
05129,2
05131,2
05133,2
05135,2
05123,2
05137,2
05139,2
05141,2
05143,2
05145,2
05147,1
05149,2
06001,2
06003,2
06005,2
06007,2
06009,2
06011,2
06013,2
06015,2
06017,2
06019,2
06021,2
06023,2
06025,2
06027,2
06029,2
06031,2
06033,2
06035,1
06037,2
06039,2
06041,2
06043,1
06045,2
06047,2
06049,1
06051,2
06053,2
06055,2
06057,2
06059,2
06061,2
06063,2
06065,2
06067,2
06069,2
06071,2
06073,2
06075,2
06077,2
06079,2
06081,2
06083,2
06085,2
06087,2
06089,2
06091,1
06093,2
06095,2
06097,2
06099,2
06101,2
06103,2
06105,1
06107,2
06109,2
06111,2
06113,2
06115,2
08001,2
08003,2
08005,2
08007,2
08009,2
08011,1
08013,2
08014,2
08015,2
08017,1
08019,2
08021,1
08023,2
08025,1
08027,2
08029,2
08031,2
08033,1
08035,2
08037,2
08041,2
08039,2
08043,2
08045,2
08047,1
08049,2
08051,2
08053,1
08055,1
08057,1
08059,2
08061,1
08063,2
08067,2
08065,2
08069,2
08071,2
08073,2
08075,2
08077,2
08079,2
08081,2
08083,2
08085,2
08087,2
08089,2
08091,2
08093,2
08095,2
08097,2
08099,1
08101,2
08103,2
08105,2
08107,2
08109,2
08111,1
08113,2
08115,1
08117,2
08119,2
08121,2
08123,2
08125,2
09001,2
09003,2
09005,2
09007,2
09009,2
09011,2
09013,2
09015,2
10001,2
10003,2
10005,2
11001,2
12001,2
12003,2
12005,2
12007,2
12009,2
12011,2
12013,2
12015,2
12017,2
12019,2
12021,2
12023,2
12027,2
12029,2
12031,2
12033,2
12035,2
12037,2
12039,2
12041,2
12043,2
12045,2
12047,2
12049,2
12051,2
12053,2
12055,2
12057,2
12059,2
12061,2
12063,2
12065,2
12067,2
12069,2
12071,2
12073,2
12075,2
12077,1
12079,2
12081,2
12083,2
12085,2
12086,2
12087,2
12089,2
12091,2
12093,2
12095,2
12097,2
12099,2
12101,2
12103,2
12105,2
12107,2
12113,2
12115,2
12117,2
12109,2
12111,2
12119,2
12121,2
12123,2
12125,2
12127,2
12129,2
12131,2
12133,2
13001,2
13003,2
13005,2
13007,2
13009,2
13011,2
13013,2
13015,2
13017,2
13019,2
13021,2
13023,2
13025,2
13027,2
13029,2
13031,2
13033,2
13035,2
13037,2
13039,2
13043,2
13045,2
13047,2
13049,2
13051,2
13053,2
13055,2
13057,2
13059,2
13061,2
13063,2
13065,2
13067,2
13069,2
13071,2
13073,2
13075,2
13077,2
13079,2
13081,2
13083,2
13085,2
13089,2
13087,2
13091,2
13093,2
13095,2
13097,2
13099,2
13101,2
13103,2
13105,2
13107,2
13109,1
13111,2
13113,2
13115,2
13117,2
13119,2
13121,2
13123,2
13125,1
13127,2
13129,2
13131,2
13133,2
13135,2
13137,2
13139,2
13141,2
13143,2
13145,2
13147,2
13149,2
13151,2
13153,2
13155,2
13157,2
13159,2
13161,2
13163,2
13165,2
13167,2
13169,2
13171,2
13173,2
13175,2
13177,2
13179,2
13181,2
13183,1
13185,2
13187,2
13193,2
13195,2
13197,2
13189,2
13191,2
13199,2
13201,2
13205,2
13207,2
13209,1
13211,2
13213,2
13215,2
13217,2
13219,2
13221,2
13223,2
13225,2
13227,2
13229,2
13231,2
13233,2
13235,2
13237,2
13239,2
13241,2
13243,2
13245,2
13247,2
13249,2
13251,2
13253,2
13255,2
13257,2
13259,2
13261,2
13263,2
13265,1
13267,2
13269,2
13271,2
13273,2
13275,2
13277,2
13279,2
13281,2
13283,2
13285,2
13287,2
13289,1
13291,2
13293,2
13295,2
13297,2
13299,2
13301,2
13303,2
13305,2
13307,2
13309,2
13311,2
13313,2
13315,2
13317,2
13319,2
13321,2
15001,2
15003,2
15007,2
15009,2
16001,2
16003,2
16005,2
16007,1
16009,1
16011,2
16013,2
16015,1
16017,2
16019,2
16021,1
16023,1
16025,2
16027,2
16029,2
16031,2
16033,1
16035,1
16037,2
16039,2
16041,1
16043,2
16045,2
16047,2
16049,2
16051,2
16053,2
16055,2
16057,2
16059,1
16061,1
16063,2
16065,2
16067,2
16069,2
16071,1
16073,2
16075,2
16077,2
16079,1
16081,2
16083,2
16085,2
16087,2
17001,2
17003,1
17005,2
17007,2
17009,1
17011,2
17013,2
17015,2
17017,1
17019,2
17021,2
17023,2
17025,1
17027,2
17029,2
17031,2
17033,2
17035,1
17039,2
17037,2
17041,2
17043,2
17045,1
17047,1
17049,2
17051,2
17053,2
17055,2
17057,1
17059,2
17061,1
17063,2
17065,1
17067,2
17069,1
17071,1
17073,2
17075,2
17077,2
17079,2
17081,2
17083,2
17085,2
17087,1
17089,2
17091,2
17093,2
17095,2
17099,2
17097,2
17101,2
17103,2
17105,2
17107,2
17115,2
17117,2
17119,2
17121,2
17123,1
17125,2
17127,2
17109,1
17111,2
17113,2
17129,2
17131,2
17133,2
17135,2
17137,2
17139,2
17141,2
17143,2
17145,1
17147,2
17149,2
17151,1
17153,1
17155,1
17157,2
17159,2
17161,2
17165,2
17167,2
17169,1
17171,1
17173,2
17163,2
17175,2
17177,2
17179,2
17181,1
17183,2
17185,2
17187,1
17189,2
17191,1
17193,1
17195,2
17197,2
17199,2
17201,2
17203,2
18001,2
18003,2
18005,2
18007,1
18009,2
18011,2
18013,2
18015,2
18017,2
18019,2
18021,2
18023,2
18025,2
18027,2
18033,2
18029,2
18031,2
18035,2
18037,2
18039,2
18041,2
18043,2
18045,2
18047,2
18049,2
18051,2
18053,2
18055,2
18057,2
18059,2
18061,2
18063,2
18065,2
18067,2
18069,2
18071,2
18073,2
18075,2
18077,2
18079,2
18081,2
18083,2
18085,2
18087,2
18091,2
18089,2
18093,2
18095,2
18097,2
18099,2
18101,2
18103,2
18105,2
18107,2
18109,2
18111,2
18113,2
18115,1
18117,2
18119,2
18121,2
18123,1
18125,1
18127,2
18129,2
18131,2
18133,2
18135,2
18137,2
18139,2
18143,2
18145,2
18147,2
18141,2
18149,2
18151,2
18153,2
18155,2
18157,2
18159,2
18161,2
18163,2
18165,2
18167,2
18169,2
18171,2
18173,2
18175,2
18177,2
18179,2
18181,2
18183,2
19001,1
19003,1
19005,2
19007,2
19009,2
19011,2
19013,2
19015,2
19017,2
19019,2
19021,2
19023,2
19025,1
19027,1
19029,1
19031,2
19033,2
19035,1
19037,2
19039,2
19041,2
19043,2
19045,2
19047,2
19049,2
19051,1
19053,1
19055,2
19057,2
19059,2
19061,2
19063,1
19065,2
19067,1
19069,2
19071,1
19073,2
19075,2
19077,2
19079,2
19081,1
19083,2
19085,2
19087,2
19089,2
19091,1
19093,1
19095,2
19097,2
19099,2
19101,2
19103,2
19105,2
19107,2
19109,1
19111,2
19113,2
19115,2
19117,1
19119,2
19121,2
19123,2
19125,2
19127,2
19129,2
19131,2
19133,2
19135,1
19137,2
19139,2
19141,2
19143,1
19145,2
19147,1
19149,2
19151,1
19153,2
19155,2
19157,2
19159,1
19161,1
19163,2
19165,2
19167,2
19169,2
19171,2
19173,2
19175,1
19177,2
19179,2
19181,2
19183,2
19185,1
19187,2
19189,2
19191,2
19193,2
19195,2
19197,2
20001,1
20003,1
20005,2
20007,2
20009,2
20011,2
20013,1
20015,2
20017,1
20019,2
20021,2
20023,1
20025,1
20027,2
20029,2
20031,2
20033,1
20035,2
20037,2
20039,0
20041,1
20043,1
20045,2
20047,1
20049,1
20051,1
20053,1
20055,2
20057,2
20059,2
20061,2
20063,2
20065,1
20067,1
20069,1
20071,0
20073,2
20075,0
20077,1
20079,2
20081,1
20083,1
20085,1
20087,2
20089,2
20091,2
20093,1
20095,1
20097,1
20099,2
20101,1
20103,2
20105,1
20107,2
20109,1
20111,2
20115,2
20117,1
20113,2
20119,1
20121,2
20123,1
20125,2
20127,1
20129,2
20131,1
20133,1
20135,1
20137,0
20139,2
20141,2
20143,2
20145,1
20147,1
20149,2
20151,2
20153,0
20155,2
20157,2
20159,1
20161,2
20163,2
20165,1
20167,1
20169,2
20171,2
20173,2
20175,2
20177,2
20179,1
20181,1
20183,1
20185,2
20187,1
20189,2
20191,2
20193,1
20195,1
20197,2
20199,1
20201,1
20203,1
20205,1
20207,2
20209,2
21001,2
21003,2
21005,2
21007,2
21009,2
21011,2
21013,1
21015,2
21017,2
21019,2
21021,2
21023,2
21025,1
21027,2
21029,2
21031,2
21033,2
21035,2
21037,2
21039,1
21041,2
21043,2
21045,1
21047,2
21049,2
21051,1
21053,2
21055,2
21057,2
21059,2
21061,2
21063,1
21065,1
21067,2
21069,1
21071,2
21073,2
21075,1
21077,1
21079,1
21081,2
21083,2
21085,1
21087,2
21089,2
21091,2
21093,2
21095,1
21097,2
21099,2
21101,2
21103,2
21105,1
21107,2
21109,2
21111,2
21113,2
21115,2
21117,2
21119,1
21121,1
21123,2
21125,2
21127,2
21129,1
21131,2
21133,2
21135,2
21137,2
21139,1
21141,2
21143,2
21151,2
21153,1
21155,2
21157,2
21159,2
21161,2
21145,2
21147,2
21149,2
21163,2
21165,2
21167,2
21169,1
21171,2
21173,2
21175,1
21177,2
21179,2
21181,2
21183,2
21185,2
21187,1
21189,1
21191,2
21193,2
21195,2
21197,2
21199,2
21201,1
21203,2
21205,1
21207,2
21209,2
21211,2
21213,2
21215,2
21217,2
21219,2
21221,1
21223,1
21225,2
21227,2
21229,2
21231,2
21233,2
21235,2
21237,1
21239,2
22001,2
22003,2
22005,2
22007,2
22009,2
22011,2
22013,2
22015,2
22017,2
22019,2
22021,2
22023,2
22025,2
22027,2
22029,2
22031,2
22033,2
22035,2
22037,2
22039,2
22041,2
22043,2
22045,2
22047,2
22049,2
22051,2
22053,2
22059,2
22055,2
22057,2
22061,2
22063,2
22065,2
22067,2
22069,2
22071,2
22073,2
22075,2
22077,2
22079,2
22081,2
22083,2
22085,2
22087,2
22089,2
22091,2
22093,2
22095,2
22097,2
22099,2
22101,2
22103,2
22105,2
22107,1
22109,2
22111,2
22113,2
22115,2
22117,2
22119,2
22121,2
22123,2
22125,2
22127,2
23001,2
23003,2
23005,2
23007,2
23009,2
23011,2
23013,2
23015,2
23017,2
23019,2
23021,1
23023,2
23025,2
23027,2
23029,2
23031,2
24001,2
24003,2
24005,2
24510,2
24009,2
24011,2
24013,2
24015,2
24017,2
24019,2
24021,2
24023,2
24025,2
24027,2
24029,2
24031,2
24033,2
24035,2
24039,2
24037,2
24041,2
24043,2
24045,2
24047,2
25001,2
25003,2
25005,2
25007,2
25009,2
25011,2
25013,2
25015,2
25017,2
25019,2
25021,2
25023,2
25025,2
25027,2
26001,1
26003,1
26005,2
26007,1
26009,2
26011,2
26013,1
26015,2
26017,2
26019,1
26021,2
26023,2
26025,2
26027,2
26029,2
26031,2
26033,1
26035,2
26037,2
26039,2
26041,2
26043,2
26045,2
26047,2
26049,2
26051,2
26053,2
26055,2
26057,2
26059,2
26061,2
26063,2
26065,2
26067,2
26069,2
26071,1
26073,2
26075,2
26077,2
26079,2
26081,2
26083,1
26085,1
26087,2
26089,2
26091,2
26093,2
26095,2
26097,2
26099,2
26101,2
26103,2
26105,2
26107,2
26109,1
26111,2
26113,2
26115,2
26117,2
26119,1
26121,2
26123,2
26125,2
26127,2
26129,2
26131,1
26133,2
26135,2
26137,2
26139,2
26141,2
26143,2
26145,2
26151,2
26153,2
26155,2
26147,2
26149,2
26157,2
26159,2
26161,2
26163,2
26165,2
27001,1
27003,2
27005,1
27007,2
27009,1
27011,1
27013,2
27015,2
27017,2
27019,2
27021,2
27023,1
27025,2
27027,2
27029,2
27031,1
27033,2
27035,2
27037,2
27039,2
27041,2
27043,2
27045,2
27047,2
27049,2
27051,1
27053,2
27055,2
27057,1
27059,2
27061,2
27063,1
27065,1
27067,2
27069,1
27071,2
27073,1
27075,1
27077,1
27079,2
27081,2
27083,2
27087,2
27089,1
27091,2
27085,2
27093,2
27095,1
27097,1
27099,2
27101,2
27103,2
27105,1
27107,1
27109,2
27111,2
27113,1
27115,2
27117,2
27119,2
27121,1
27123,2
27125,1
27127,2
27129,2
27131,2
27133,1
27135,2
27139,2
27141,2
27143,2
27137,2
27145,2
27147,2
27149,1
27151,2
27153,1
27155,2
27157,2
27159,1
27161,2
27163,2
27165,2
27167,2
27169,2
27171,2
27173,2
28001,2
28003,2
28005,2
28007,2
28009,2
28011,2
28013,2
28015,2
28017,2
28019,2
28021,2
28023,2
28025,2
28027,2
28029,2
28031,2
28033,2
28035,2
28037,2
28039,2
28041,2
28043,2
28045,2
28047,2
28049,2
28051,2
28053,2
28055,1
28057,2
28059,2
28061,2
28063,2
28065,1
28067,2
28069,2
28071,2
28073,2
28075,2
28077,2
28079,2
28081,2
28083,2
28085,2
28087,2
28089,2
28091,2
28093,2
28095,2
28097,2
28099,2
28101,2
28103,2
28105,2
28107,2
28109,2
28111,2
28113,2
28115,2
28117,2
28119,2
28121,2
28123,2
28125,2
28127,2
28129,2
28131,2
28133,2
28135,2
28137,2
28139,2
28141,2
28143,2
28145,2
28147,2
28149,2
28151,2
28153,2
28155,2
28157,2
28159,2
28161,2
28163,2
29001,2
29003,1
29005,2
29007,1
29009,2
29011,1
29013,2
29015,2
29017,2
29019,2
29021,2
29023,2
29025,2
29027,2
29029,2
29031,2
29033,1
29035,2
29037,2
29039,2
29041,2
29043,2
29045,2
29047,2
29049,2
29051,2
29053,2
29055,2
29057,1
29059,2
29061,1
29063,2
29065,1
29067,1
29069,2
29071,2
29073,2
29075,2
29077,2
29079,1
29081,2
29083,2
29085,1
29087,1
29089,2
29091,2
29093,1
29095,2
29097,2
29099,2
29101,2
0997,1
0998,2
29103,1
29105,1
29107,2
29109,1
29111,1
29113,2
29115,2
29117,2
29121,2
29123,2
29125,2
29127,1
29119,2
29129,1
29131,1
29133,1
29135,2
29137,1
29139,2
29141,2
29143,2
29145,2
29147,2
29149,2
29151,2
29153,1
29155,2
29157,2
29159,2
29161,2
29163,2
29165,2
29167,2
29169,2
29171,1
29173,1
29175,2
29177,2
29179,2
29181,2
29195,2
29197,1
29199,2
29201,2
29203,1
29205,1
29183,2
29185,1
29187,2
29189,2
29510,2
29186,2
29207,2
29209,2
29211,1
29213,2
29215,1
29217,1
29219,2
29221,2
29223,1
29225,2
29227,2
29229,2
30001,2
30003,1
30005,0
30007,2
30009,2
30011,1
30013,2
30015,1
30017,0
30019,1
30021,1
30023,2
30025,1
30027,1
30029,2
30031,2
30033,0
30035,2
30037,1
30039,1
30041,1
30043,2
30045,1
30047,2
30049,2
30051,2
30053,2
30057,2
30055,1
30059,2
30061,1
30063,2
30065,2
30067,2
30069,1
30071,0
30073,1
30075,1
30077,1
30079,0
30081,2
30083,2
30085,2
30087,1
30089,1
30091,1
30093,2
30095,1
30097,1
30099,1
30101,2
30103,1
30105,1
30107,1
30109,1
30111,2
31001,2
31003,2
31005,0
31007,1
31009,1
31011,1
31013,1
31015,1
31017,1
31019,2
31021,1
31023,1
31025,2
31027,1
31029,1
31031,2
31033,2
31035,1
31037,2
31039,2
31041,2
31043,1
31045,1
31047,1
31049,1
31051,1
31053,2
31055,2
31057,1
31059,1
31061,1
31063,1
31065,1
31067,2
31069,1
31071,1
31073,2
31075,1
31077,0
31079,2
31081,2
31083,1
31085,1
31087,0
31089,1
31091,1
31093,1
31095,1
31097,2
31099,2
31101,1
31103,1
31105,2
31107,1
31109,2
31111,2
31113,1
31115,1
31119,2
31117,1
31121,2
31123,1
31125,1
31127,1
31129,1
31131,2
31133,1
31135,1
31137,2
31139,1
31141,2
31143,1
31145,0
31147,0
31149,0
31151,1
31153,2
31155,2
31157,2
31159,2
31161,1
31163,1
31165,1
31167,2
31169,1
31171,1
31173,1
31175,1
31177,2
31179,1
31181,1
31183,1
31185,2
32510,2
32001,1
32003,2
32005,2
32007,2
32011,1
32013,2
32015,1
32017,1
32019,2
32021,1
32023,2
32027,1
32029,1
32031,2
32033,1
33001,2
33003,2
33005,2
33007,2
33009,2
33011,2
33013,2
33015,2
33017,2
33019,2
34001,2
34003,2
34005,2
34007,2
34009,2
34011,2
34013,2
34015,2
34017,2
34019,2
34021,2
34023,2
34025,2
34027,2
34029,2
34031,2
34033,2
34035,2
34037,2
34039,2
34041,2
35001,2
35003,2
35005,2
35006,2
35007,1
35009,2
35011,1
35013,2
35015,2
35017,2
35019,1
35021,0
35023,1
35025,2
35027,2
35028,2
35029,1
35031,2
35033,1
35035,2
35037,1
35039,2
35041,2
35045,2
35047,1
35043,2
35049,2
35051,1
35053,2
35055,2
35057,2
35059,1
35061,2
36001,2
36003,2
36007,2
36009,2
36011,2
36013,2
36015,2
36017,2
36019,2
36021,2
36023,2
36025,2
36027,2
36029,2
36031,2
36033,2
36035,2
36037,2
36039,2
36041,1
36043,2
36045,2
36049,2
36051,2
36053,2
36055,2
36057,2
36059,2
0999,2
36063,2
36065,2
36067,2
36069,2
36071,2
36073,2
36075,2
36077,2
36079,2
36083,2
36087,2
36091,2
36093,2
36095,2
36097,2
36099,2
36089,2
36101,2
36103,2
36105,2
36107,2
36109,2
36111,2
36113,2
36115,2
36117,2
36119,2
36121,2
36123,2
37001,2
37003,2
37005,2
37007,2
37009,2
37011,1
37013,2
37015,2
37017,2
37019,2
37021,2
37023,2
37025,2
37027,2
37029,1
37031,2
37033,2
37035,2
37037,2
37039,2
37041,2
37043,2
37045,2
37047,2
37049,2
37051,2
37053,2
37055,2
37057,2
37059,2
37061,2
37063,2
37065,2
37067,2
37069,2
37071,2
37073,2
37075,1
37077,2
37079,2
37081,2
37083,2
37085,2
37087,2
37089,2
37091,2
37093,2
37095,1
37097,2
37099,1
37101,2
37103,1
37105,2
37107,2
37109,2
37113,2
37115,1
37117,2
37111,2
37119,2
37121,2
37123,2
37125,2
37127,2
37129,2
37131,2
37133,2
37135,2
37137,2
37139,2
37141,2
37143,2
37145,2
37147,2
37149,2
37151,2
37153,2
37155,2
37157,2
37159,2
37161,2
37163,2
37165,2
37167,2
37169,2
37171,2
37173,1
37175,2
37177,1
37179,2
37181,2
37183,2
37185,2
37187,2
37189,2
37191,2
37193,2
37195,2
37197,2
37199,1
38001,1
38003,2
38005,1
38007,1
38009,1
38011,2
38013,2
38015,2
38017,2
38019,1
38021,1
38023,2
38025,1
38027,2
38029,2
38031,1
38033,1
38035,2
38037,2
38039,1
38041,1
38043,1
38045,1
38047,1
38049,2
38051,2
38053,2
38055,2
38057,1
38059,2
38061,2
38063,1
38065,2
38067,1
38069,1
38071,1
38073,1
38075,1
38077,1
38079,0
38081,1
38083,1
38085,2
38087,2
38089,2
38091,1
38093,2
38095,0
38097,1
38099,2
38101,2
38103,1
38105,2
69110,0
69120,0
39001,2
39003,2
39005,2
39007,2
39009,2
39011,2
39013,2
39015,2
39017,2
39019,2
39021,2
39023,2
39025,2
39027,2
39029,2
39031,2
39033,2
39035,2
39037,2
39039,2
39041,2
39043,2
39045,2
39047,2
39049,2
39051,2
39053,2
39055,2
39057,2
39059,2
39061,2
39063,2
39065,2
39067,1
39069,2
39071,2
39073,1
39075,2
39077,2
39079,2
39081,2
39083,2
39085,2
39087,2
39089,2
39091,2
39093,2
39095,2
39097,2
39099,2
39101,2
39103,2
39105,2
39107,2
39109,2
39111,2
39113,2
39115,2
39117,2
39119,2
39121,1
39123,2
39125,2
39127,2
39129,2
39131,2
39133,2
39135,2
39137,2
39139,2
39141,2
39143,2
39145,2
39147,2
39149,2
39151,2
39153,2
39155,2
39157,2
39159,2
39161,2
39163,1
39165,2
39167,2
39169,2
39171,2
39173,2
39175,2
40001,2
40003,1
40005,2
40007,2
40009,2
40011,1
40013,2
40015,2
40017,2
40019,1
40021,2
40023,2
40025,1
40027,2
40029,1
40031,2
40033,2
40035,2
40037,2
40039,2
40041,2
40043,2
40045,1
40047,2
40049,2
40051,2
40053,2
40055,2
40057,1
40059,1
40061,1
40063,1
40065,2
40067,2
40069,1
40071,2
40073,2
40075,2
40077,2
40079,2
40081,2
40083,2
40085,2
40093,2
40095,2
40097,2
40087,2
40089,2
40091,1
40099,1
40101,2
40103,2
40105,2
40107,1
40109,2
40111,2
40113,2
40115,2
40117,2
40119,2
40121,2
40123,2
40125,2
40127,1
40129,1
40131,2
40133,2
40135,2
40137,2
40139,2
40141,2
40143,2
40145,2
40147,2
40149,1
40151,1
40153,2
41001,1
41003,2
41005,2
41007,2
41009,2
41011,1
41013,2
41015,2
41017,2
41019,2
41021,1
41023,1
41025,1
41027,2
41029,2
41031,1
41033,2
41035,2
41037,1
41039,2
41041,2
41043,2
41045,2
41047,2
41049,2
41051,2
41053,2
41055,2
41057,2
41059,2
41061,2
41063,2
41065,2
41067,2
41071,2
42001,2
42003,2
42005,2
42007,2
42009,2
42011,2
42013,2
42015,2
42017,2
42019,2
42021,2
42023,2
42025,2
42027,2
42029,2
42031,2
42033,2
42035,2
42037,2
42039,2
42041,2
42043,2
42045,2
42047,2
42049,2
42051,2
42053,2
42055,2
42057,2
42059,2
42061,2
42063,2
42065,2
42067,2
42069,2
42071,2
42073,2
42075,2
42077,2
42079,2
42081,2
42083,2
42085,2
42087,2
42089,2
42091,2
42093,2
42095,2
42097,2
42099,2
42101,2
42103,2
42105,2
42107,2
42109,2
42111,2
42113,2
42115,2
42117,2
42119,2
42121,2
42123,1
42125,2
42127,2
42129,2
42131,2
42133,2
72001,0
72003,0
72005,0
72007,0
72009,0
72011,0
72013,0
72015,0
72017,0
72019,0
72021,0
72023,0
72025,0
72027,0
72029,0
72031,0
72033,0
72035,0
72037,0
72039,0
72041,0
72043,0
72045,0
72047,0
72049,0
72051,0
72053,0
72054,0
72055,0
72057,0
72059,0
72061,0
72063,0
72065,0
72067,0
72069,0
72071,0
72073,0
72075,0
72077,0
72079,0
72081,0
72083,0
72085,0
72087,0
72089,0
72091,0
72093,0
72095,0
72097,0
72099,0
72101,0
72103,0
72105,0
72107,0
72109,0
72111,0
72113,0
72115,0
72117,0
72119,0
72121,0
72123,0
72125,0
72127,0
72129,0
72131,0
72133,0
72135,0
72137,0
72139,0
72141,0
72143,0
72145,0
72147,0
72149,0
72151,0
72153,0
44001,2
44003,2
44005,2
44007,2
44009,2
45001,2
45003,2
45005,2
45007,2
45009,2
45011,2
45013,2
45015,2
45017,2
45019,2
45021,2
45023,2
45025,2
45027,2
45029,2
45031,2
45033,1
45035,2
45037,2
45039,2
45041,2
45043,2
45045,2
45047,2
45049,2
45051,2
45053,2
45055,2
45057,2
45059,2
45061,2
45063,2
45067,2
45069,2
45065,2
45071,2
45073,2
45075,2
45077,2
45079,2
45081,2
45083,2
45085,2
45087,2
45089,2
45091,2
46003,2
46005,2
46007,1
46009,2
46011,2
46013,2
46015,1
46017,1
46019,1
46021,1
46023,2
46025,2
46027,2
46029,2
46031,1
46033,1
46035,2
46037,1
46039,2
46041,0
46043,1
46045,1
46047,2
46049,2
46051,1
46053,1
46055,1
46057,2
46059,1
46061,1
46063,1
46065,2
46067,2
46069,1
46071,1
46073,1
46075,1
46077,1
46079,2
46081,2
46083,2
46085,2
46091,2
46087,1
46089,1
46093,1
46095,1
46097,1
46099,2
46101,1
46102,2
46103,2
46105,0
46107,1
46109,2
46111,1
46115,2
46117,1
46119,1
46121,2
46123,1
46125,2
46127,2
46129,0
46135,2
46137,0
47001,2
47003,2
47005,2
47007,2
47009,2
47011,2
47013,2
47015,2
47017,2
47019,2
47021,2
47023,2
47025,2
47027,2
47029,2
47031,2
47033,1
47035,2
47037,2
47041,2
47039,2
47043,2
47045,2
47047,2
47049,2
47051,2
47053,2
47055,2
47057,2
47059,2
47061,2
47063,2
47065,2
47067,1
47069,2
47071,2
47073,2
47075,2
47077,2
47079,2
47081,2
47083,1
47085,2
47087,2
47089,2
47091,2
47093,2
47095,1
47097,2
47099,2
47101,2
47103,2
47105,2
47111,2
47113,2
47115,2
47117,2
47119,2
47107,2
47109,2
47121,2
47123,2
47125,2
47127,1
47129,2
47131,2
47133,2
47135,2
47137,1
47139,2
47141,2
47143,1
47145,2
47147,2
47149,2
47151,2
47153,2
47155,2
47157,2
47159,2
47161,2
47163,2
47165,2
47167,2
47169,2
47171,2
47173,2
47175,1
47177,2
47179,2
47181,2
47183,2
47185,2
47187,2
47189,2
48001,2
48003,2
48005,2
48007,2
48009,1
48011,1
48013,2
48015,2
48017,1
48019,1
48021,2
48023,1
48025,2
48027,2
48029,2
48031,2
48033,1
48035,1
48037,2
48039,2
48041,2
48043,1
48045,1
48047,1
48049,2
48051,2
48053,2
48055,2
48057,2
48059,2
48061,2
48063,2
48065,1
48067,2
48069,2
48071,2
48073,2
48075,0
48077,2
48079,1
48081,1
48083,1
48085,2
48087,1
48089,2
48091,2
48093,2
48095,1
48097,1
48099,2
48101,1
48103,2
48105,1
48107,2
48109,1
48111,2
48113,2
48115,2
48123,2
48117,2
48119,2
48121,2
48125,2
48127,1
48129,2
48131,1
48133,2
48135,2
48137,1
48141,2
48139,2
48143,2
48145,1
48147,2
48149,2
48151,1
48153,2
48155,1
48157,2
48159,2
48161,1
48163,2
48165,1
48167,2
48169,1
48171,2
48173,1
48175,2
48177,2
48179,2
48181,2
48183,2
48185,2
48187,2
48189,2
48191,1
48193,2
48195,2
48197,1
48199,2
48201,2
48203,2
48205,1
48207,1
48209,2
48211,2
48213,2
48215,2
48217,2
48219,2
48221,2
48223,2
48225,1
48227,1
48229,1
48231,2
48233,2
48235,1
48237,1
48239,2
48241,2
48243,1
48245,2
48247,1
48249,2
48251,2
48253,2
48255,2
48257,2
48259,2
48261,1
48263,1
48265,2
48267,1
48271,1
48273,2
48275,2
48283,1
48277,2
48279,2
48281,2
48285,2
48287,2
48289,2
48291,2
48293,2
48295,1
48297,2
48299,2
48303,2
48305,2
48313,1
48315,1
48317,2
48319,2
48321,2
48323,2
48307,1
48309,2
48311,1
48325,2
48327,1
48329,2
48331,2
48333,1
48335,2
48337,2
48339,2
48341,2
48343,1
48345,1
48347,2
48349,2
48351,2
48353,1
48355,2
48357,1
48359,2
48361,2
48363,2
48365,2
48367,2
48369,1
48371,2
48373,2
48375,2
48377,0
48379,1
48381,2
48383,1
48385,1
48387,1
48389,1
48391,1
48393,1
48395,2
48397,2
48399,1
48401,2
48403,1
48405,2
48407,2
48409,2
48411,1
48413,1
48415,1
48417,1
48419,2
48421,1
48423,2
48425,1
48427,2
48429,1
48431,1
48433,1
48435,1
48437,2
48439,2
48441,2
48443,1
48445,2
48447,1
48449,2
48451,2
48453,2
48455,2
48457,2
48459,2
48461,1
48463,2
48465,2
48467,2
48469,2
48471,2
48473,2
48475,1
48477,2
48479,2
48481,2
48483,1
48485,2
48487,1
48489,2
48491,2
48493,2
48495,1
48497,2
48499,2
48501,1
48503,2
48505,2
48507,1
49001,1
49003,2
49005,2
49007,2
49009,1
49011,2
49013,2
49015,2
49017,2
49019,2
49021,2
49023,2
49025,2
49027,2
49029,2
49031,1
49033,1
49035,2
49037,2
49039,1
49041,1
49043,2
49045,2
49047,2
49049,2
49051,2
49053,2
49055,1
49057,2
50001,2
50003,2
50005,2
50007,2
50009,2
50011,2
50013,2
50015,2
50017,2
50019,2
50021,2
50023,2
50025,2
50027,2
78010,2
78020,2
78030,2
51001,2
51003,2
51510,2
51005,2
51007,2
51009,2
51011,2
51013,2
51015,2
51017,1
51019,2
51021,1
51023,2
51520,2
51025,2
51027,2
51029,2
51530,2
51031,2
51033,2
51035,2
51036,2
51037,2
51540,2
51550,2
51041,2
51043,2
51570,1
51580,1
51045,2
51047,2
51049,2
51590,2
51051,1
51053,2
51595,2
51057,1
51059,2
51600,1
51610,1
51061,2
51063,1
51065,2
51067,2
51620,2
51069,2
51630,2
51640,2
51071,2
51073,2
51075,2
51077,1
51079,2
51081,2
51083,2
51650,2
51085,2
51660,2
51087,2
51089,2
51091,1
51670,2
51093,2
51095,2
51099,2
51101,2
51097,2
51103,2
51105,2
51678,2
51107,2
51109,2
51111,2
51680,2
51113,2
51685,2
51683,2
51690,1
51115,2
51117,2
51119,1
51121,2
51125,2
51127,2
51700,2
51710,2
51131,2
51133,2
51720,1
51135,2
51137,2
51139,2
51141,1
51730,2
51143,2
51735,2
51740,2
51145,2
51147,2
51149,2
51153,2
51155,2
51750,2
51157,2
51159,2
51760,2
51161,2
51770,2
51163,2
51165,2
51167,2
51775,2
51169,1
51171,2
51173,2
51175,2
51177,2
51179,2
51790,2
51800,2
51181,2
51183,2
51185,2
51810,2
51187,2
51191,2
51820,2
51193,2
51830,2
51840,2
51195,2
51197,2
51199,2
53001,2
53003,2
53005,2
53007,2
53009,2
53011,2
53013,1
53015,2
53017,2
53019,1
53021,2
53023,1
53025,2
53027,2
53029,2
53031,2
53033,2
53035,2
53037,2
53039,2
53041,2
53043,1
53045,2
53047,2
53049,1
53051,2
53053,2
53055,2
53057,2
53059,2
53061,2
53063,2
53065,2
53067,2
53069,2
53071,2
53073,2
53075,2
53077,2
54001,2
54003,2
54005,2
54007,2
54009,2
54011,2
54013,1
54015,1
54017,1
54019,2
54021,1
54023,1
54025,2
54027,2
54029,2
54031,2
54033,2
54035,2
54037,2
54039,2
54041,2
54043,1
54045,2
54049,2
54051,2
54053,2
54047,2
54055,2
54057,2
54059,1
54061,2
54063,1
54065,2
54067,2
54069,2
54071,2
54073,2
54075,1
54077,2
54079,2
54081,2
54083,2
54085,1
54087,2
54089,1
54091,2
54093,2
54095,2
54097,2
54099,1
54101,1
54103,2
54105,2
54107,2
54109,2
55001,2
55003,2
55005,2
55007,2
55009,2
55011,2
55013,1
55015,2
55017,2
55019,2
55021,2
55023,2
55025,2
55027,2
55029,2
55031,2
55033,2
55035,2
55037,2
55039,2
55041,1
55043,2
55045,2
55047,1
55049,2
55051,2
55053,2
55055,2
55057,2
55059,2
55061,2
55063,2
55065,2
55067,1
55069,1
55071,2
55073,2
55075,2
55077,2
55078,2
55079,2
55081,2
55083,2
55085,2
55087,2
55089,2
55091,1
55093,2
55095,1
55097,2
55099,1
55101,2
55103,2
55105,2
55107,2
55111,2
55113,1
55115,2
55117,2
55109,2
55119,1
55121,2
55123,1
55125,2
55127,2
55129,1
55131,2
55133,2
55135,2
55137,2
55139,2
55141,2
56001,2
56003,1
56005,2
56007,2
56009,2
56011,2
56013,2
56015,2
56017,2
56019,2
56021,2
56023,2
56025,2
56027,1
56029,1
56031,1
56033,2
56035,2
56037,2
56039,2
56041,2
56043,2
56045,1
36085,2
36047,2
36081,2
36061,2
36005,2
02105,1
02230,0
02282,0
32009,1
41069,1
48269,1
48301,1
